family	model	domain	CMMD	FID	realism_sib	realism_nn_vgg	nn_ssim	nn_orb	copy_rate	base_sib	base_nn
multiplexed	base	mplex	19.7304	313.68	0.8004	0.8622	0.2038	0.0828	0.0	0.2703	0.2108
multiplexed	ft_2species	mplex	14.5618	222.27	0.656	0.6512	0.2623	0.1046	0.0	0.2703	0.2108
multiplexed	ft_rattray	mplex	20.0064	337.96	0.7605	0.8151	0.1651	0.0681	0.0	0.2703	0.2108
multiplexed	mplex_ft_epoch=0	mplex	21.4056	166.8	0.5568	0.5479	0.3933	0.0816	0.0	0.2703	0.2108
multiplexed	mplex_ft_epoch=1	mplex	14.4292	146.66	0.5069	0.508	0.4672	0.0843	0.0	0.2703	0.2108
multiplexed	mplex_ft_epoch=2	mplex	12.5705	105.25	0.4117	0.4535	0.4996	0.0731	0.0	0.2703	0.2108
multiplexed	mplex_ft_epoch=3	mplex	15.2533	121.61	0.4774	0.4885	0.5173	0.0796	0.0	0.2703	0.2108
multiplexed	mplex_ft_epoch=4	mplex	13.2934	107.29	0.4636	0.4701	0.488	0.0777	0.0	0.2703	0.2108
multiplexed	mplex_ft_epoch=5	mplex	12.942	132.34	0.5084	0.5117	0.4922	0.082	0.0	0.2703	0.2108
generalist	base	pakp	32.9251	243.53	0.5576	0.4993	0.3302	0.1315	0.0	0.1764	0.1599
generalist	base	kl2	29.7289	360.24	0.808	0.8702	0.2885	0.1198	0.0	0.2807	0.247
generalist	base	ff	39.2991	262.49	0.6855	0.5921	0.2938	0.0989	0.0	0.2528	0.2449
generalist	base	nlev	32.7926	266.81	0.5765	0.523	0.3388	0.1361	0.0	0.2617	0.2395
generalist	base	selx	36.7239	262.15	0.6785	0.6021	0.3077	0.0925	0.0	0.2491	0.2491
generalist	base	mplex	19.7304	313.68	0.8004	0.8622	0.2038	0.0828	0.0	0.2703	0.2108
generalist	gen_epoch=0	pakp	13.2715	224.41	0.6579	0.5788	0.3027	0.093	0.0	0.1764	0.1599
generalist	gen_epoch=0	kl2	19.141	256.58	0.6585	0.771	0.2756	0.1138	0.0	0.2807	0.247
generalist	gen_epoch=0	ff	13.6414	164.32	0.5863	0.6169	0.1525	0.1268	0.0	0.2528	0.2449
generalist	gen_epoch=0	nlev	14.3019	229.67	0.668	0.6191	0.1926	0.0562	0.0	0.2617	0.2395
generalist	gen_epoch=0	selx	13.6763	178.25	0.6018	0.6244	0.1462	0.1419	0.0	0.2491	0.2491
generalist	gen_epoch=0	mplex	16.1452	276.17	0.6251	0.7203	0.2238	0.0649	0.0	0.2703	0.2108
generalist	gen_epoch=1	pakp	14.2262	289.26	0.6669	0.5864	0.2773	0.095	0.0	0.1764	0.1599
generalist	gen_epoch=1	kl2	19.0392	223.98	0.6164	0.7071	0.3604	0.1127	0.0	0.2807	0.247
generalist	gen_epoch=1	ff	10.5294	171.91	0.5647	0.5963	0.1898	0.1434	0.0	0.2528	0.2449
generalist	gen_epoch=1	nlev	10.1576	232.81	0.6312	0.5906	0.2475	0.0661	0.0	0.2617	0.2395
generalist	gen_epoch=1	selx	10.5853	172.61	0.5831	0.6034	0.1851	0.1499	0.0	0.2491	0.2491
generalist	gen_epoch=1	mplex	16.535	247.77	0.6281	0.6599	0.1852	0.0612	0.0	0.2703	0.2108
generalist	gen_epoch=2	pakp	12.0569	222.73	0.6407	0.564	0.3402	0.0935	0.0	0.1764	0.1599
generalist	gen_epoch=2	kl2	16.7248	217.21	0.5645	0.6739	0.3686	0.1214	0.0	0.2807	0.247
generalist	gen_epoch=2	ff	11.9491	130.3	0.5814	0.6035	0.1669	0.1341	0.0	0.2528	0.2449
generalist	gen_epoch=2	nlev	10.3012	180.1	0.6395	0.5874	0.2479	0.0581	0.0	0.2617	0.2395
generalist	gen_epoch=2	selx	11.9275	136.02	0.5961	0.6088	0.1659	0.141	0.0	0.2491	0.2491
generalist	gen_epoch=2	mplex	17.8317	269.07	0.6206	0.6926	0.213	0.0592	0.0	0.2703	0.2108
generalist	gen_epoch=3	pakp	9.7786	173.26	0.5756	0.5345	0.4187	0.1125	0.0	0.1764	0.1599
generalist	gen_epoch=3	kl2	13.5206	181.85	0.5084	0.6218	0.405	0.1261	0.0	0.2807	0.247
generalist	gen_epoch=3	ff	11.746	114.13	0.5701	0.5989	0.1881	0.1348	0.0	0.2528	0.2449
generalist	gen_epoch=3	nlev	7.9077	147.11	0.6105	0.574	0.2995	0.0631	0.0	0.2617	0.2395
generalist	gen_epoch=3	selx	11.2578	120.6	0.5861	0.6054	0.182	0.1457	0.0	0.2491	0.2491
generalist	gen_epoch=3	mplex	12.4879	232.86	0.6208	0.6537	0.27	0.0547	0.0	0.2703	0.2108
generalist	gen_epoch=4	pakp	11.4614	225.21	0.6168	0.5625	0.3435	0.0955	0.0	0.1764	0.1599
generalist	gen_epoch=4	kl2	17.9924	199.91	0.4936	0.6179	0.4052	0.1246	0.0	0.2807	0.247
generalist	gen_epoch=4	ff	8.7887	100.61	0.5589	0.5999	0.2032	0.1334	0.0	0.2528	0.2449
generalist	gen_epoch=4	nlev	9.2471	159.95	0.6265	0.5851	0.2668	0.0587	0.0	0.2617	0.2395
generalist	gen_epoch=4	selx	8.1846	100.86	0.5727	0.604	0.1985	0.1395	0.0	0.2491	0.2491
generalist	gen_epoch=4	mplex	19.6136	225.9	0.6477	0.6609	0.1969	0.0567	0.0	0.2703	0.2108
generalist	gen_epoch=5	pakp	7.6866	185.13	0.5867	0.5402	0.3897	0.1047	0.0	0.1764	0.1599
generalist	gen_epoch=5	kl2	15.1893	188.14	0.4954	0.6246	0.3716	0.1161	0.0	0.2807	0.247
generalist	gen_epoch=5	ff	10.3545	100.13	0.5762	0.6041	0.1876	0.1326	0.0	0.2528	0.2449
generalist	gen_epoch=5	nlev	9.5683	165.09	0.6289	0.5823	0.2751	0.0595	0.0	0.2617	0.2395
generalist	gen_epoch=5	selx	10.0253	104.13	0.5933	0.6079	0.1822	0.143	0.0	0.2491	0.2491
generalist	gen_epoch=5	mplex	18.4385	243.74	0.6413	0.6498	0.2404	0.0535	0.0	0.2703	0.2108
warmstart	base	mplex	19.7304	313.68	0.8004	0.8622	0.2038	0.0828	0.0	0.2703	0.2108
warmstart	dedicated_ep2	mplex	12.5705	105.25	0.4117	0.4535	0.4996	0.0731	0.0	0.2703	0.2108
warmstart	warmstart_epoch=0	mplex	11.1221	138.16	0.5548	0.5636	0.3912	0.0725	0.0	0.2703	0.2108
warmstart	warmstart_epoch=1	mplex	12.3965	119.06	0.5196	0.5715	0.3901	0.0725	0.0	0.2703	0.2108
warmstart	warmstart_epoch=2	mplex	24.5879	208.48	0.4767	0.5848	0.3853	0.0514	0.0	0.2703	0.2108
warmstart	warmstart_epoch=3	mplex	19.7999	180.07	0.4633	0.5965	0.3987	0.054	0.0	0.2703	0.2108
warmstart	warmstart_epoch=4	mplex	17.9168	150.18	0.4131	0.5157	0.4789	0.053	0.0	0.2703	0.2108
warmstart	warmstart_epoch=5	mplex	12.7922	115.74	0.4669	0.4883	0.4674	0.0569	0.0	0.2703	0.2108
