mode	N_train	seed	n_train_imgs	mean_r2	r2_shape_factor	r2_fractal_dim	r2_solidity	r2_eccentricity	r2_edge_std	best_val_r2
real	20	0	42	0.2203	0.1584	0.4174	0.3847	-0.1430	0.2838	0.2912
real	20	1	46	0.2599	0.2570	0.4687	0.4390	-0.1141	0.2489	0.3027
real	20	2	46	0.3086	0.2609	0.4800	0.3676	0.1773	0.2574	0.3087
real	20	3	42	0.1115	-0.0846	0.0543	0.2766	0.1667	0.1444	0.0665
real	20	4	44	0.2492	0.1516	0.4587	0.4997	-0.2385	0.3745	0.3176
classical	20	0	378	0.3107	0.2303	0.5226	0.4345	-0.0778	0.4437	0.3038
classical	20	1	414	0.3160	0.2679	0.5224	0.5349	-0.1298	0.3847	0.4506
classical	20	2	414	0.3739	0.3546	0.5086	0.6021	-0.0639	0.4679	0.3777
classical	20	3	378	0.2997	0.0685	0.3374	0.5549	0.1594	0.3782	0.3226
classical	20	4	396	0.3494	0.2811	0.6177	0.5997	-0.2748	0.5231	0.3715
augmenter	20	0	378	0.2335	0.1816	0.4152	0.5039	-0.1971	0.2637	0.3106
augmenter	20	1	414	0.2944	0.2123	0.5413	0.5440	-0.0339	0.2081	0.3625
augmenter	20	2	414	0.3497	0.3435	0.6078	0.5433	0.0576	0.1962	0.4190
augmenter	20	3	378	0.2168	-0.0911	0.1879	0.4950	0.1110	0.3811	0.2313
augmenter	20	4	396	0.3116	0.2875	0.5574	0.5738	-0.2038	0.3430	0.2934
real	60	0	122	0.4177	0.3550	0.5785	0.5715	0.1516	0.4317	0.4099
real	60	1	132	0.4191	0.3790	0.5981	0.5748	0.1209	0.4230	0.4399
real	60	2	128	0.3904	0.3188	0.5438	0.6167	0.0526	0.4197	0.4115
real	60	3	126	0.4511	0.4153	0.6765	0.6557	0.0807	0.4275	0.3826
real	60	4	130	0.3861	0.2635	0.6000	0.5928	0.0130	0.4610	0.4472
classical	60	0	1098	0.5116	0.3457	0.6056	0.6753	0.3274	0.6041	0.3328
classical	60	1	1188	0.4123	0.3381	0.5775	0.6220	0.0462	0.4777	0.4127
classical	60	2	1152	0.4169	0.2570	0.6189	0.7435	-0.0982	0.5633	0.4729
classical	60	3	1134	0.4423	0.3541	0.6336	0.7458	-0.0240	0.5021	0.4359
classical	60	4	1170	0.4109	0.2212	0.6249	0.7376	-0.1398	0.6108	0.4446
augmenter	60	0	1098	0.4417	0.3780	0.6658	0.6867	0.1370	0.3408	0.4316
augmenter	60	1	1188	0.4230	0.3850	0.6126	0.7072	-0.0226	0.4326	0.4852
augmenter	60	2	1152	0.4012	0.3346	0.6478	0.6463	0.0181	0.3593	0.4578
augmenter	60	3	1134	0.4282	0.3937	0.6623	0.7226	0.0030	0.3594	0.4837
augmenter	60	4	1170	0.3423	0.2092	0.4925	0.6182	-0.0676	0.4589	0.3918
real	all	0	290	0.5020	0.4235	0.6558	0.6710	0.2262	0.5337	0.4790
real	all	1	290	0.4521	0.4378	0.6551	0.6539	-0.0572	0.5710	0.4862
real	all	2	290	0.4468	0.2960	0.6061	0.6483	0.1041	0.5797	0.4636
real	all	3	290	0.4450	0.3862	0.6496	0.6429	0.1054	0.4409	0.4505
real	all	4	290	0.5105	0.4425	0.7204	0.6653	0.1794	0.5449	0.4904
classical	all	0	2610	0.4713	0.3081	0.6424	0.7979	-0.0119	0.6199	0.5445
classical	all	1	2610	0.5065	0.3705	0.6620	0.7521	0.1258	0.6220	0.4594
classical	all	2	2610	0.4812	0.3300	0.6111	0.6904	0.1687	0.6056	0.5176
classical	all	3	2610	0.4756	0.3102	0.6381	0.7690	0.1210	0.5398	0.4696
classical	all	4	2610	0.4893	0.3184	0.6839	0.7566	0.1551	0.5323	0.4977
augmenter	all	0	2610	0.4533	0.3293	0.6505	0.7550	0.0877	0.4439	0.5209
augmenter	all	1	2610	0.4583	0.3784	0.6595	0.7360	0.0530	0.4648	0.5620
augmenter	all	2	2610	0.4437	0.3109	0.6144	0.7342	0.0843	0.4746	0.5141
augmenter	all	3	2610	0.4167	0.3076	0.5936	0.7298	0.0427	0.4099	0.5248
augmenter	all	4	2610	0.4641	0.3557	0.6551	0.7156	0.1449	0.4492	0.5653
